{
    "name": "root",
    "gauges": {
        "UltimateTicTacToe.Policy.Entropy.mean": {
            "value": 1.880957841873169,
            "min": 1.866572618484497,
            "max": 1.934114933013916,
            "count": 100
        },
        "UltimateTicTacToe.Policy.Entropy.sum": {
            "value": 37679.34765625,
            "min": 37311.3828125,
            "max": 39022.703125,
            "count": 100
        },
        "UltimateTicTacToe.Environment.EpisodeLength.mean": {
            "value": 3.568425862462874,
            "min": 3.454079358002675,
            "max": 3.6752396539630583,
            "count": 100
        },
        "UltimateTicTacToe.Environment.EpisodeLength.sum": {
            "value": 15619.0,
            "min": 15446.0,
            "max": 15727.0,
            "count": 100
        },
        "UltimateTicTacToe.Self-play.ELO.mean": {
            "value": 401.71481707030733,
            "min": 116.45442389165763,
            "max": 401.71481707030733,
            "count": 100
        },
        "UltimateTicTacToe.Self-play.ELO.sum": {
            "value": 876943.4456644809,
            "min": 255151.64274662186,
            "max": 896630.9010319067,
            "count": 100
        },
        "UltimateTicTacToe.Step.mean": {
            "value": 999984.0,
            "min": 9987.0,
            "max": 999984.0,
            "count": 100
        },
        "UltimateTicTacToe.Step.sum": {
            "value": 999984.0,
            "min": 9987.0,
            "max": 999984.0,
            "count": 100
        },
        "UltimateTicTacToe.Policy.ExtrinsicValueEstimate.mean": {
            "value": 0.061270397156476974,
            "min": -0.10934214293956757,
            "max": 0.06432725489139557,
            "count": 100
        },
        "UltimateTicTacToe.Policy.ExtrinsicValueEstimate.sum": {
            "value": 133.81454467773438,
            "min": -239.45928955078125,
            "max": 141.58428955078125,
            "count": 100
        },
        "UltimateTicTacToe.Environment.CumulativeReward.mean": {
            "value": 0.08609432237642398,
            "min": 0.048960236588176304,
            "max": 0.12269766393861493,
            "count": 100
        },
        "UltimateTicTacToe.Environment.CumulativeReward.sum": {
            "value": 188.03000007010996,
            "min": 107.12499765492976,
            "max": 273.12499992735684,
            "count": 100
        },
        "UltimateTicTacToe.Policy.ExtrinsicReward.mean": {
            "value": 0.08609432237642398,
            "min": 0.048960236588176304,
            "max": 0.12269766393861493,
            "count": 100
        },
        "UltimateTicTacToe.Policy.ExtrinsicReward.sum": {
            "value": 188.03000007010996,
            "min": 107.12499765492976,
            "max": 273.12499992735684,
            "count": 100
        },
        "UltimateTicTacToe.IsTraining.mean": {
            "value": 1.0,
            "min": 1.0,
            "max": 1.0,
            "count": 100
        },
        "UltimateTicTacToe.IsTraining.sum": {
            "value": 1.0,
            "min": 1.0,
            "max": 1.0,
            "count": 100
        },
        "UltimateTicTacToe.Losses.PolicyLoss.mean": {
            "value": 0.006694859895893994,
            "min": 0.0065825316812455036,
            "max": 0.011730295788341512,
            "count": 9
        },
        "UltimateTicTacToe.Losses.PolicyLoss.sum": {
            "value": 0.006694859895893994,
            "min": 0.0065825316812455036,
            "max": 0.011730295788341512,
            "count": 9
        },
        "UltimateTicTacToe.Losses.ValueLoss.mean": {
            "value": 0.12982278813918433,
            "min": 0.124599606047074,
            "max": 0.1494667703906695,
            "count": 9
        },
        "UltimateTicTacToe.Losses.ValueLoss.sum": {
            "value": 0.12982278813918433,
            "min": 0.124599606047074,
            "max": 0.1494667703906695,
            "count": 9
        },
        "UltimateTicTacToe.Policy.LearningRate.mean": {
            "value": 2.998029000659999e-05,
            "min": 2.998029000659999e-05,
            "max": 0.00026999731000089996,
            "count": 9
        },
        "UltimateTicTacToe.Policy.LearningRate.sum": {
            "value": 2.998029000659999e-05,
            "min": 2.998029000659999e-05,
            "max": 0.00026999731000089996,
            "count": 9
        },
        "UltimateTicTacToe.Policy.Epsilon.mean": {
            "value": 0.1099934,
            "min": 0.1099934,
            "max": 0.18999909999999995,
            "count": 9
        },
        "UltimateTicTacToe.Policy.Epsilon.sum": {
            "value": 0.1099934,
            "min": 0.1099934,
            "max": 0.18999909999999995,
            "count": 9
        },
        "UltimateTicTacToe.Policy.Beta.mean": {
            "value": 1.8994060000000002e-05,
            "min": 1.8994060000000002e-05,
            "max": 9.099919000000001e-05,
            "count": 9
        },
        "UltimateTicTacToe.Policy.Beta.sum": {
            "value": 1.8994060000000002e-05,
            "min": 1.8994060000000002e-05,
            "max": 9.099919000000001e-05,
            "count": 9
        }
    },
    "metadata": {
        "timer_format_version": "0.1.0",
        "start_time_seconds": "1695745759",
        "python_version": "3.9.13 (tags/v3.9.13:6de2ca5, May 17 2022, 16:36:42) [MSC v.1929 64 bit (AMD64)]",
        "command_line_arguments": "C:\\Users\\maxst\\AppData\\Local\\Programs\\Python\\Python39\\Scripts\\mlagents-learn config/UltimateTicTacToeV2.yaml --run-id=UltimateTicTacToeV2.5",
        "mlagents_version": "0.30.0",
        "mlagents_envs_version": "0.30.0",
        "communication_protocol_version": "1.5.0",
        "pytorch_version": "1.7.1+cu110",
        "numpy_version": "1.21.2",
        "end_time_seconds": "1695747035"
    },
    "total": 1276.4851789,
    "count": 1,
    "self": 0.005043099999966216,
    "children": {
        "run_training.setup": {
            "total": 0.07432689999999997,
            "count": 1,
            "self": 0.07432689999999997
        },
        "TrainerController.start_learning": {
            "total": 1276.4058089,
            "count": 1,
            "self": 1.4247319999874435,
            "children": {
                "TrainerController._reset_env": {
                    "total": 11.983771199999792,
                    "count": 10,
                    "self": 11.983771199999792
                },
                "TrainerController.advance": {
                    "total": 1262.9160697000125,
                    "count": 125089,
                    "self": 1.3211903000344591,
                    "children": {
                        "env_step": {
                            "total": 851.8823534999892,
                            "count": 125089,
                            "self": 533.902594599989,
                            "children": {
                                "SubprocessEnvManager._take_step": {
                                    "total": 317.16112990001,
                                    "count": 125089,
                                    "self": 7.882852700026547,
                                    "children": {
                                        "TorchPolicy.evaluate": {
                                            "total": 309.27827719998345,
                                            "count": 250155,
                                            "self": 309.27827719998345
                                        }
                                    }
                                },
                                "workers": {
                                    "total": 0.8186289999902687,
                                    "count": 125089,
                                    "self": 0.0,