{"count":1,"self":81.895475199999993,"total":3618.4053943999998,"children":{"InitializeActuators":{"count":32,"self":0.0025027,"total":0.0025027,"children":null},"InitializeSensors":{"count":32,"self":0.001001,"total":0.001001,"children":null},"AgentSendState":{"count":106917,"self":11.4523976,"total":62.128502299999994,"children":{"CollectObservations":{"count":1710657,"self":8.395583199999999,"total":8.395583499999999,"children":null},"WriteActionMask":{"count":1710657,"self":6.5979551999999995,"total":6.5979551,"children":null},"RequestDecision":{"count":1710657,"self":11.0489216,"total":35.682566,"children":{"AgentInfo.ToProto":{"count":1710657,"self":9.0100863999999987,"total":24.6336448,"children":{"GenerateSensorData":{"count":1710657,"self":15.623558399999999,"total":15.6235583,"children":null}}}}}}},"DecideAction":{"count":106917,"self":3420.2703871999997,"total":3420.2704802,"children":null},"AgentAct":{"count":106917,"self":26.5858736,"total":54.1074315,"children":{"AgentInfo.ToProto":{"count":1710657,"self":10.1661592,"total":27.5215572,"children":{"GenerateSensorData":{"count":1710657,"self":17.3553984,"total":17.3553979,"children":null}}}}}},"gauges":{"UltimateTicTacToe.CumulativeReward":{"count":1710657,"max":1,"min":0,"runningAverage":0.0284194723,"value":0,"weightedAverage":0.0001938959}},"metadata":{"timer_format_version":"0.1.0","start_time_seconds":"1695647988","unity_version":"2022.3.9f1","command_line_arguments":"C:\\Program Files\\Unity\\Hub\\Editor\\2022.3.9f1\\Editor\\Unity.exe -projectpath C:\\Users\\maxst\\GitHub\\Ultimate-tic-tac-toe -useHub -hubIPC -cloudEnvironment production -licensingIpc LicenseClient-VW2RIaHUTZEECi8O3cyl8 -hubSessionId 816ffb93-7ecb-4221-bae2-b9c42ed282f3","communication_protocol_version":"1.5.0","com.unity.ml-agents_version":"2.0.1","scene_name":"GameScene","end_time_seconds":"1695651606"}}