{"count":1,"self":819.424,"total":16504.137451,"children":{"InitializeActuators":{"count":32,"self":0.0020020999999999997,"total":0.0020020999999999997,"children":null},"InitializeSensors":{"count":32,"self":0.0010008999999999999,"total":0.0010008999999999999,"children":null},"AgentSendState":{"count":1250167,"self":332.2633472,"total":2031.5204342,"children":{"CollectObservations":{"count":20002656,"self":351.6541696,"total":351.6541626,"children":null},"WriteActionMask":{"count":20002656,"self":219.780992,"total":219.7810032,"children":null},"RequestDecision":{"count":20002656,"self":367.5940864,"total":1127.8219324,"children":{"AgentInfo.ToProto":{"count":20002656,"self":253.1559168,"total":760.2278405,"children":{"GenerateSensorData":{"count":20002656,"self":507.0718976,"total":507.07191939999996,"children":null}}}}}}},"DecideAction":{"count":1250167,"self":13196.369100799999,"total":13196.3690088,"children":null},"AgentAct":{"count":1250167,"self":261.5044352,"total":456.8204806,"children":{"AgentInfo.ToProto":{"count":4550311,"self":65.5324672,"total":195.3160354,"children":{"GenerateSensorData":{"count":4550311,"self":129.7835648,"total":129.7835699,"children":null}}}}}},"gauges":{"UltimateTicTacToe.CumulativeReward":{"count":4550311,"max":1.82999992,"min":-2.645,"runningAverage":4.51379975E-07,"value":0.0300000012,"weightedAverage":0.0101795858}},"metadata":{"timer_format_version":"0.1.0","start_time_seconds":"1695823222","unity_version":"2022.3.9f1","command_line_arguments":"C:\\Program Files\\Unity\\Hub\\Editor\\2022.3.9f1\\Editor\\Unity.exe -projectpath C:\\Users\\maxst\\GitHub\\Ultimate-tic-tac-toe -useHub -hubIPC -cloudEnvironment production -licensingIpc LicenseClient-VW2RIaHUTZEECi8O3cyl8 -hubSessionId 816ffb93-7ecb-4221-bae2-b9c42ed282f3","communication_protocol_version":"1.5.0","com.unity.ml-agents_version":"2.0.1","scene_name":"Training","end_time_seconds":"1695839726"}}