{"count":1,"self":40.762467199999996,"total":1233.483293,"children":{"InitializeActuators":{"count":32,"self":0.0015011999999999998,"total":0.0015011999999999998,"children":null},"InitializeSensors":{"count":32,"self":0.001001,"total":0.001001,"children":null},"AgentSendState":{"count":125034,"self":13.670176,"total":73.9857021,"children":{"CollectObservations":{"count":2000528,"self":9.8965512,"total":9.8965511,"children":null},"WriteActionMask":{"count":2000528,"self":7.2238384,"total":7.2238383,"children":null},"RequestDecision":{"count":2000528,"self":13.379392,"total":43.1951365,"children":{"AgentInfo.ToProto":{"count":2000528,"self":10.8488536,"total":29.815744199999997,"children":{"GenerateSensorData":{"count":2000528,"self":18.9668912,"total":18.9668909,"children":null}}}}}}},"DecideAction":{"count":125034,"self":1097.5216639999999,"total":1097.5216638,"children":null},"AgentAct":{"count":125034,"self":12.6279968,"total":21.210458499999998,"children":{"AgentInfo.ToProto":{"count":466614,"self":3.1412299999999997,"total":8.5824613,"children":{"GenerateSensorData":{"count":466614,"self":5.4412312,"total":5.4412313,"children":null}}}}}},"gauges":{"UltimateTicTacToe.CumulativeReward":{"count":466614,"max":1.62499988,"min":-2.57000017,"runningAverage":5.14410431E-06,"value":0.049999997,"weightedAverage":-0.00366845028}},"metadata":{"timer_format_version":"0.1.0","start_time_seconds":"1695816780","unity_version":"2022.3.9f1","command_line_arguments":"C:\\Program Files\\Unity\\Hub\\Editor\\2022.3.9f1\\Editor\\Unity.exe -projectpath C:\\Users\\maxst\\GitHub\\Ultimate-tic-tac-toe -useHub -hubIPC -cloudEnvironment production -licensingIpc LicenseClient-VW2RIaHUTZEECi8O3cyl8 -hubSessionId 816ffb93-7ecb-4221-bae2-b9c42ed282f3","communication_protocol_version":"1.5.0","com.unity.ml-agents_version":"2.0.1","scene_name":"Training","end_time_seconds":"1695818014"}}