{"count":1,"self":97.6670784,"total":1299.8267679,"children":{"InitializeActuators":{"count":32,"self":0.0015015999999999999,"total":0.0015015999999999999,"children":null},"InitializeSensors":{"count":32,"self":0.0015013,"total":0.0015013,"children":null},"AgentSendState":{"count":125084,"self":14.2292256,"total":77.6558198,"children":{"CollectObservations":{"count":2001328,"self":10.4617528,"total":10.4617527,"children":null},"WriteActionMask":{"count":2001328,"self":7.5549935999999995,"total":7.5549934999999993,"children":null},"RequestDecision":{"count":2001328,"self":13.898912,"total":45.4098483,"children":{"AgentInfo.ToProto":{"count":2001328,"self":11.4360736,"total":31.5109365,"children":{"GenerateSensorData":{"count":2001328,"self":20.074863999999998,"total":20.0748633,"children":null}}}}}}},"DecideAction":{"count":125084,"self":1104.3116032,"total":1104.3115687,"children":null},"AgentAct":{"count":125084,"self":12.213828,"total":20.188796399999998,"children":{"AgentInfo.ToProto":{"count":423425,"self":2.9700734,"total":7.9749684999999992,"children":{"GenerateSensorData":{"count":423425,"self":5.0048952,"total":5.0048951,"children":null}}}}}},"gauges":{"UltimateTicTacToe.CumulativeReward":{"count":423425,"max":1.8,"min":-1,"runningAverage":0.25842306,"value":0.105000004,"weightedAverage":0.10771548}},"metadata":{"timer_format_version":"0.1.0","start_time_seconds":"1695734929","unity_version":"2022.3.9f1","command_line_arguments":"C:\\Program Files\\Unity\\Hub\\Editor\\2022.3.9f1\\Editor\\Unity.exe -projectpath C:\\Users\\maxst\\GitHub\\Ultimate-tic-tac-toe -useHub -hubIPC -cloudEnvironment production -licensingIpc LicenseClient-VW2RIaHUTZEECi8O3cyl8 -hubSessionId 816ffb93-7ecb-4221-bae2-b9c42ed282f3","communication_protocol_version":"1.5.0","com.unity.ml-agents_version":"2.0.1","scene_name":"Training","end_time_seconds":"1695736229"}}