{
    "name": "root",
    "gauges": {
        "UltimateTicTacToe.Policy.Entropy.mean": {
            "value": 0.9277684092521667,
            "min": 0.9152709245681763,
            "max": 1.9033046960830688,
            "count": 100
        },
        "UltimateTicTacToe.Policy.Entropy.sum": {
            "value": 18570.212890625,
            "min": 18334.70703125,
            "max": 38066.09375,
            "count": 100
        },
        "UltimateTicTacToe.Environment.EpisodeLength.mean": {
            "value": 0.0,
            "min": 0.0,
            "max": 0.0,
            "count": 100
        },
        "UltimateTicTacToe.Environment.EpisodeLength.sum": {
            "value": 0.0,
            "min": 0.0,
            "max": 0.0,
            "count": 100
        },
        "UltimateTicTacToe.Self-play.ELO.mean": {
            "value": 382.47606008332355,
            "min": 115.84637524361736,
            "max": 382.47606008332355,
            "count": 100
        },
        "UltimateTicTacToe.Self-play.ELO.sum": {
            "value": 3824378.124773152,
            "min": 1158000.3669351991,
            "max": 3824378.124773152,
            "count": 100
        },
        "UltimateTicTacToe.Step.mean": {
            "value": 999999.0,
            "min": 9999.0,
            "max": 999999.0,
            "count": 100
        },
        "UltimateTicTacToe.Step.sum": {
            "value": 999999.0,
            "min": 9999.0,
            "max": 999999.0,
            "count": 100
        },
        "UltimateTicTacToe.Policy.ExtrinsicValueEstimate.mean": {
            "value": 0.024955736473202705,
            "min": 0.0031618692446500063,
            "max": 0.168099507689476,
            "count": 100
        },
        "UltimateTicTacToe.Policy.ExtrinsicValueEstimate.sum": {
            "value": 249.55735778808594,
            "min": 31.61869239807129,
            "max": 1680.8270263671875,
            "count": 100
        },
        "UltimateTicTacToe.Environment.CumulativeReward.mean": {
            "value": 0.024100000359117985,
            "min": 0.020800000309944153,
            "max": 0.025340000377595425,
            "count": 100
        },
        "UltimateTicTacToe.Environment.CumulativeReward.sum": {
            "value": 241.00000359117985,
            "min": 208.00000309944153,
            "max": 253.40000377595425,
            "count": 100
        },
        "UltimateTicTacToe.Policy.ExtrinsicReward.mean": {
            "value": 0.024100000359117985,
            "min": 0.020800000309944153,
            "max": 0.025340000377595425,
            "count": 100
        },
        "UltimateTicTacToe.Policy.ExtrinsicReward.sum": {
            "value": 241.00000359117985,
            "min": 208.00000309944153,
            "max": 253.40000377595425,
            "count": 100
        },
        "UltimateTicTacToe.IsTraining.mean": {
            "value": 1.0,
            "min": 1.0,
            "max": 1.0,
            "count": 100
        },
        "UltimateTicTacToe.IsTraining.sum": {
            "value": 1.0,
            "min": 1.0,
            "max": 1.0,
            "count": 100
        },
        "UltimateTicTacToe.Losses.PolicyLoss.mean": {
            "value": 0.13979874640742007,
            "min": 0.13874231420534974,
            "max": 0.1616606983181555,
            "count": 97
        },
        "UltimateTicTacToe.Losses.PolicyLoss.sum": {
            "value": 0.13979874640742007,
            "min": 0.13874231420534974,
            "max": 0.1616606983181555,
            "count": 97
        },
        "UltimateTicTacToe.Losses.ValueLoss.mean": {
            "value": 0.004064605123979466,
            "min": 0.00360520462115043,
            "max": 0.0058845862611027165,
            "count": 97
        },
        "UltimateTicTacToe.Losses.ValueLoss.sum": {
            "value": 0.004064605123979466,
            "min": 0.00360520462115043,
            "max": 0.0058845862611027165,
            "count": 97
        },
        "UltimateTicTacToe.Policy.LearningRate.mean": {
            "value": 1.8783993738999876e-06,
            "min": 1.8783993738999876e-06,
            "max": 0.0002969271010242999,
            "count": 97
        },
        "UltimateTicTacToe.Policy.LearningRate.sum": {
            "value": 1.8783993738999876e-06,
            "min": 1.8783993738999876e-06,
            "max": 0.0002969271010242999,
            "count": 97
        },
        "UltimateTicTacToe.Policy.Epsilon.mean": {
            "value": 0.10062609999999995,
            "min": 0.10062609999999995,
            "max": 0.19897570000000006,
            "count": 97
        },
        "UltimateTicTacToe.Policy.Epsilon.sum": {
            "value": 0.10062609999999995,
            "min": 0.10062609999999995,
            "max": 0.19897570000000006,
            "count": 97
        },
        "UltimateTicTacToe.Policy.Beta.mean": {
            "value": 4.124238999999979e-05,
            "min": 4.124238999999979e-05,
            "max": 0.004948887429999998,
            "count": 97
        },
        "UltimateTicTacToe.Policy.Beta.sum": {
            "value": 4.124238999999979e-05,
            "min": 4.124238999999979e-05,
            "max": 0.004948887429999998,
            "count": 97
        }
    },
    "metadata": {
        "timer_format_version": "0.1.0",
        "start_time_seconds": "1695681404",
        "python_version": "3.9.13 (tags/v3.9.13:6de2ca5, May 17 2022, 16:36:42) [MSC v.1929 64 bit (AMD64)]",
        "command_line_arguments": "C:\\Users\\maxst\\AppData\\Local\\Programs\\Python\\Python39\\Scripts\\mlagents-learn config/UltimateTicTacToeBiggerNetwork.yaml --run-id=UltimateTicTacToeBiggerNetwork",
        "mlagents_version": "0.30.0",
        "mlagents_envs_version": "0.30.0",
        "communication_protocol_version": "1.5.0",
        "pytorch_version": "1.7.1+cu110",
        "numpy_version": "1.21.2",
        "end_time_seconds": "1695684432"
    },
    "total": 3027.9672246,
    "count": 1,
    "self": 0.0074202999999215535,
    "children": {
        "run_training.setup": {
            "total": 0.07815780000000006,
            "count": 1,
            "self": 0.07815780000000006
        },
        "TrainerController.start_learning": {
            "total": 3027.8816465,
            "count": 1,
            "self": 2.137593000022207,
            "children": {
                "TrainerController._reset_env": {
                    "total": 19.76479170000025,
                    "count": 10,
                    "self": 19.76479170000025
                },
                "TrainerController.advance": {
                    "total": 3005.865099099977,
                    "count": 124975,
                    "self": 1.7762692999999672,
                    "children": {
                        "env_step": {
                            "total": 1034.7304037999882,
                            "count": 124975,
                            "self": 690.8511792999441,
                            "children": {
                                "SubprocessEnvManager._take_step": {
                                    "total": 342.9291623000057,
                                    "count": 124975,
                                    "self": 8.282226900092382,
                                    "children": {
                                        "TorchPolicy.evaluate": {
                                            "total": 334.64693539991333,
                                            "count": 249948,
                                            "self": 334.64693539991333
                                        }
                                    }
                                },
                                "workers": {
                                    "total": 0.9500622000384276,
                                    "count": 124975,
                                    "self": 0.0,