{
    "name": "root",
    "gauges": {
        "UltimateTicTacToe.Policy.Entropy.mean": {
            "value": 0.6602762937545776,
            "min": 0.6602762937545776,
            "max": 1.9015116691589355,
            "count": 100
        },
        "UltimateTicTacToe.Policy.Entropy.sum": {
            "value": 13237.21875,
            "min": 13237.21875,
            "max": 38030.234375,
            "count": 100
        },
        "UltimateTicTacToe.Environment.EpisodeLength.mean": {
            "value": 0.0,
            "min": 0.0,
            "max": 0.0,
            "count": 100
        },
        "UltimateTicTacToe.Environment.EpisodeLength.sum": {
            "value": 0.0,
            "min": 0.0,
            "max": 0.0,
            "count": 100
        },
        "UltimateTicTacToe.Self-play.ELO.mean": {
            "value": 373.4217004006216,
            "min": 117.67936208874532,
            "max": 374.6673813122384,
            "count": 100
        },
        "UltimateTicTacToe.Self-play.ELO.sum": {
            "value": 3736084.112508219,
            "min": 1177264.3383358081,
            "max": 3744425.8088345104,
            "count": 100
        },
        "UltimateTicTacToe.Step.mean": {
            "value": 999999.0,
            "min": 9999.0,
            "max": 999999.0,
            "count": 100
        },
        "UltimateTicTacToe.Step.sum": {
            "value": 999999.0,
            "min": 9999.0,
            "max": 999999.0,
            "count": 100
        },
        "UltimateTicTacToe.Policy.ExtrinsicValueEstimate.mean": {
            "value": 0.02467556856572628,
            "min": -0.15807002782821655,
            "max": 0.03438787907361984,
            "count": 100
        },
        "UltimateTicTacToe.Policy.ExtrinsicValueEstimate.sum": {
            "value": 246.7556915283203,
            "min": -1580.542236328125,
            "max": 343.8787841796875,
            "count": 100
        },
        "UltimateTicTacToe.Environment.CumulativeReward.mean": {
            "value": 0.02494000037163496,
            "min": 0.020740000309050082,
            "max": 0.02668000039756298,
            "count": 100
        },
        "UltimateTicTacToe.Environment.CumulativeReward.sum": {
            "value": 249.4000037163496,
            "min": 207.40000309050083,
            "max": 266.8000039756298,
            "count": 100
        },
        "UltimateTicTacToe.Policy.ExtrinsicReward.mean": {
            "value": 0.02494000037163496,
            "min": 0.020740000309050082,
            "max": 0.02668000039756298,
            "count": 100
        },
        "UltimateTicTacToe.Policy.ExtrinsicReward.sum": {
            "value": 249.4000037163496,
            "min": 207.40000309050083,
            "max": 266.8000039756298,
            "count": 100
        },
        "UltimateTicTacToe.IsTraining.mean": {
            "value": 1.0,
            "min": 1.0,
            "max": 1.0,
            "count": 100
        },
        "UltimateTicTacToe.IsTraining.sum": {
            "value": 1.0,
            "min": 1.0,
            "max": 1.0,
            "count": 100
        },
        "UltimateTicTacToe.Losses.PolicyLoss.mean": {
            "value": 0.14027543633710593,
            "min": 0.1362584387534298,
            "max": 0.1571883717260789,
            "count": 97
        },
        "UltimateTicTacToe.Losses.PolicyLoss.sum": {
            "value": 0.14027543633710593,
            "min": 0.1362584387534298,
            "max": 0.1571883717260789,
            "count": 97
        },
        "UltimateTicTacToe.Losses.ValueLoss.mean": {
            "value": 0.0039916179445450934,
            "min": 0.0036926984895823503,
            "max": 0.008814354503071324,
            "count": 97
        },
        "UltimateTicTacToe.Losses.ValueLoss.sum": {
            "value": 0.0039916179445450934,
            "min": 0.0036926984895823503,
            "max": 0.008814354503071324,
            "count": 97
        },
        "UltimateTicTacToe.Policy.LearningRate.mean": {
            "value": 1.8714993761999888e-06,
            "min": 1.8714993761999888e-06,
            "max": 0.0002969265010245,
            "count": 97
        },
        "UltimateTicTacToe.Policy.LearningRate.sum": {
            "value": 1.8714993761999888e-06,
            "min": 1.8714993761999888e-06,
            "max": 0.0002969265010245,
            "count": 97
        },
        "UltimateTicTacToe.Policy.Epsilon.mean": {
            "value": 0.10062379999999999,
            "min": 0.10062379999999999,
            "max": 0.1989755,
            "count": 97
        },
        "UltimateTicTacToe.Policy.Epsilon.sum": {
            "value": 0.10062379999999999,
            "min": 0.10062379999999999,
            "max": 0.1989755,
            "count": 97
        },
        "UltimateTicTacToe.Policy.Beta.mean": {
            "value": 4.1127619999999834e-05,
            "min": 4.1127619999999834e-05,
            "max": 0.004948877450000001,
            "count": 97
        },
        "UltimateTicTacToe.Policy.Beta.sum": {
            "value": 4.1127619999999834e-05,
            "min": 4.1127619999999834e-05,
            "max": 0.004948877450000001,
            "count": 97
        }
    },
    "metadata": {
        "timer_format_version": "0.1.0",
        "start_time_seconds": "1695667269",
        "python_version": "3.9.13 (tags/v3.9.13:6de2ca5, May 17 2022, 16:36:42) [MSC v.1929 64 bit (AMD64)]",
        "command_line_arguments": "C:\\Users\\maxst\\AppData\\Local\\Programs\\Python\\Python39\\Scripts\\mlagents-learn config/UltimateTicTacToe.yaml --run-id=UltimateTicTacToeDefault",
        "mlagents_version": "0.30.0",
        "mlagents_envs_version": "0.30.0",
        "communication_protocol_version": "1.5.0",
        "pytorch_version": "1.7.1+cu110",
        "numpy_version": "1.21.2",
        "end_time_seconds": "1695672890"
    },
    "total": 5621.601244400001,
    "count": 1,
    "self": 0.010047800000393181,
    "children": {
        "run_training.setup": {
            "total": 0.07378259999999992,
            "count": 1,
            "self": 0.07378259999999992
        },
        "TrainerController.start_learning": {
            "total": 5621.517414,
            "count": 1,
            "self": 3.43427190015791,
            "children": {
                "TrainerController._reset_env": {
                    "total": 10.961870499998204,
                    "count": 10,
                    "self": 10.961870499998204
                },
                "TrainerController.advance": {
                    "total": 5607.058011499843,
                    "count": 124966,
                    "self": 2.741142699768716,
                    "children": {
                        "env_step": {
                            "total": 1629.800074200006,
                            "count": 124966,
                            "self": 875.5910508999539,
                            "children": {
                                "SubprocessEnvManager._take_step": {
                                    "total": 752.837883300001,
                                    "count": 124966,
                                    "self": 13.036011900069184,
                                    "children": {
                                        "TorchPolicy.evaluate": {
                                            "total": 739.8018713999318,
                                            "count": 249929,
                                            "self": 739.8018713999318
                                        }
                                    }
                                },
                                "workers": {
                                    "total": 1.371140000051236,
                                    "count": 124966,
                                    "self": 0.0,